,1,2,
68,"hi, all!",0,hi all
79,hi all!,0,
83,nice to meet everyone,0,
99,hello all,0,
113,hi all!,0,
118,nice to meet you all,0,
253,hi everyone! ,0,
877,"hi, everybody!",0,
918,hi everyone!,0,
934,hi everyone,0,
955,hey all,0,
967,thanks to all of you :),0,
985,hi all,0,
1064,hello everyone,0,
1219,hello everyone.,0,
1264,hi everyone,0,
1281,hey everybody,0,
1478,well good luck to you all,0,
1519,well good luck to you all,0,
1598,hello all,0,
1666,hi all,0,
1670,hello everyone,0,
1737,hey all!,0,
1866,hello all,0,
2104,hey everyone,0,
2112,hi all,0,
17,"i say we leave up firstname, his shtick is too terrible",1,(talking about someone else)
36,"or said very lastname, probably leave them for now",1,
107,"so far so good, but maybe we shouldn't have gotten rid of firstname so soon. my bad",1,
380,should we still go for mr. lastname?,1,
438,should we keep firstname in since he seems supicious?,1,
515,firstname lastname don't sound like a cool cat...,1,
516,word on the street is firstname lastname ain't cut like the rest of us,1,
611,lastname was too willing to go after lastname,1,
613,i agree with lastname,1,
717,i feel so bad for firstname,1,
722,so much for my lastname ideas,1,
951,lastname is trying to turn  you against me so he can kill you himself.,1,
990,you guys are kind of pushing firstname,1,
1008,"yeah, never trust someone with ttwo first names.",1,
1045,i felt firstname was too pushy,1,
1091,we off'd one of our own... seems firstname lastname needs to go now..,1,
1157,"agreed, lastname was very quick to throw her under the bus. ",1,
1162,lastname sounds like it,1,
1379,"though, lastname is a gross sounding name, so fair i guess",1,
1495,firstname lastname sounds shifty...oh wait.,1,
1682,maybe firstname lastname but he changed choices this time maybe to throw off,1,
1779,"yeah, firstname is lacking some compassion here. seems like a bad guy imo.",1,
1798,good job firstname. feeling like a lastname murder today?,1,
1807,"wow, good job firstname, still killing without retribution i see.",1,
1853,firstname lastname sounds like a hard core name.,1,
2051,"good enough for me, firstname lastname sleeps with the fishes tonight.",1,
2055,"one name is as good as another at this point, i guess",1,
2067,"well, we were building some firstname momentum last time",1,
2097,i think we lastname be racists,1,
2190,i just have that feeling about firstname,1,
180,hahahahaha,2,haha
206,haha,2,
262,haha,2,
379,haha yes,2,
543,haha yes,2,
546,haha you too,2,
706,hahahaha,2,
783,haha,2,
939,haha,2,
945,haha,2,
961,haha,2,
977,haha,2,
1082,ha,2,
1097,hahaha,2,
1146,try..hahahah,2,
1223,heheh,2,
1288,awww,2,
1590,haha didn't see that coming....,2,
1747,hahaha,2,
1791,hahaha,2,
1793,hahaha,2,
1895,haha,2,
1931,hahahaha!,2,
2118,"haha, yea",2,
69,firstname?,3,(firstname)
92,firstname,3,
188,rip firstname,3,
200,firstname?,3,
209,firstname,3,
230,firstname,3,
361,mr. firstname,3,
384,firstname,3,
410,rip firstname,3,
417,firstname,3,
429,lol firstname,3,
470,firstname?,3,
511,firstname man,3,
560,firstname,3,
635,firstname,3,
739,hi firstname,3,
776,firstname,3,
841,firstname?,3,
922,firstname?,3,
969,hi firstname,3,
999,firstname,3,
1077,firstname,3,
1081,ty firstname,3,
1159,firstname firstname,3,
1204,firstname?,3,
1206,firstname,3,
1298,firstname,3,
1320,firstname?,3,
1406,firstname?,3,
1421,firstname?,3,
1468,boo firstname,3,
1475,by firstname,3,
1493,firstname,3,
1501,firstname for certain,3,
1504,firstname,3,
1513,firstname,3,
1514,firstname?,3,
1515,firstname,3,
1517,firstname,3,
1531,yes firstname,3,
1533,firstname,3,
1536,firstname?,3,
1572,firstname this time?,3,
1766,"er,firstname*",3,
1775,get firstname?,3,
1821,firstname huh,3,
1829,firstname,3,
1830,firstname?,3,
1835,lol firstname. ,3,
1876,firstname,3,
1905,"really, firstname?",3,
1982,rip firstname,3,
2009,firstname,3,
2031,firstname.,3,
2064,firstname firstname?,3,
2101,firstname,3,
2138,firstname?,3,
2187,firstname,3,
2193,rip firstname,3,
2,if you can vote that means you must be in the mafia.,4,contains mafia or criminal
3,looks like this should be a win for the mafia if i'm eliminated,4,
23,ok. nice being a criminal with you.,4,
481,you just know i'm not mafia so i'm being targeted,4,
963,are you sure he wasn't trying to vote me out during your secret mafia meeting?,4,
1118,we needed to vote someone off to kill the mafia,4,
1182,"if i were a member of the mafia, why would i vote to have a fellow mafioso eliminated? clearly i'm a bystander. ",4,
1578,i think our mafia member radars are off,4,
1930,you completely revealed yourself and they still didn't realize you where mafia the heck lol,4,
1981,not much to go off of unless you're mafia tbh,4,
1988,"wow i figured i was just gonna get mafia'd, i'm a bystander, good luck guys",4,
2022,yeah i'm mafia vote for me,4,
2088,nice being criminals with you.,4,
19,yo,5,yo
61,oof,5,
204,see ya greg,5,
213,get ya,5,
251,jeffery,5,
367,y?,5,
506,hy,5,
605,yo,5,
830,yeet,5,
1137,mornin folks!,5,
1191,which one of ya is it,5,
1372,yo,5,
1472,aw poo,5,
1546,howdy y'all,5,
1620,yo,5,
1784,get me outt,5,
1792,yeeeet,5,
1911,yo,5,
1975,yo what's up,5,
2070,ello,5,
140,left,6,(contains still or left)
400,i doubt he's still watching,6,
401,he should be at the end game screen now.,6,
775,well they win as soon as they have as many members as there are bystanders left,6,
817,8 people left?,6,
1029,who's even left??,6,
1303,"well who is left, what do you all think, who could it be",6,
1877,80secs left,6,
1970,trump 2020,6,
71,alright,7,ok
215,okays,7,
323,okay then,7,
440,ok,7,
535,ok i will be more explicit ,7,
633,ok,7,
643,ok,7,
665,ok,7,
710,ok,7,
757,ok!,7,
759,ok,7,
772,ok,7,
867,okay,7,
957,okay,7,
1149,ok,7,
1407,ok,7,
1427,ok,7,
1441,ok,7,
1669,ok,7,
1696,ok i'm finish,7,
1868,alrighty,7,
1872,ok,7,
1936,ok,7,
1953,ok,7,
2000,okay,7,
2049,okay,7,
2132,ok,7,
2140,ok,7,
2143,alright.,7,
9,hi,8,hi
10,hi,8,
22,hi,8,
26,hi,8,
50,hi ,8,
81,hi,8,
104,hi,8,
117,hi,8,
147,hi!,8,
149,hi yall,8,
178,hi there,8,
210,hi,8,
212,hi,8,
220,hi,8,
224,hi,8,
246,hi! ,8,
257,hi,8,
283,hi!,8,
288,hi,8,
289,hi ,8,
324,hi,8,
362,hi!,8,
524,hi,8,
547,hi!,8,
561,hi,8,
590,hi,8,
683,hi!,8,
702,hi,8,
704,hi,8,
720,hi,8,
792,hi,8,
796,hi,8,
824,hi,8,
886,hi,8,
935,hi,8,
938,hi,8,
980,hi,8,
1003,hi.,8,
1019,hi,8,
1023,hi!,8,
1042,hi,8,
1065,hio,8,
1093,hi,8,
1096,hi,8,
1099,hi,8,
1101,hi ,8,
1136,hi,8,
1165,hi,8,
1166,hi,8,
1220,hi,8,
1273,hi,8,
1274,hi,8,
1285,hi,8,
1313,hi,8,
1368,hi,8,
1370,hi again,8,
1371,hi,8,
1374,hi,8,
1375,hi,8,
1377,hi,8,
1378,hi,8,
1390,hi,8,
1391,hi,8,
1392,hi,8,
1393,hi,8,
1395,hi!,8,
1396,hi,8,
1397,hi,8,
1398,hi,8,
1400,hi,8,
1402,hi,8,
1540,hi there! ,8,
1596,hiya,8,
1621,hi,8,
1631,hi,8,
1651,hi,8,
1653,hii,8,
1655,hi,8,
1680,hi.,8,
1686,hi,8,
1687,hi,8,
1693,hi,8,
1694,hi,8,
1698,hi,8,
1699,hi,8,
1702,also hi,8,
1707,also hi. ,8,
1710,hi,8,
1712,hi,8,
1727,hi,8,
1729,hi,8,
1735,hi,8,
1741,hi guys,8,
1774,hi,8,
1865,hi. ,8,
1891,hi,8,
1917,hi,8,
1954,hi,8,
1994,hi team,8,
2023,hi,8,
2035,hi,8,
2053,hi,8,
2063,hi,8,
2075,hi,8,
2106,hi,8,
2114,hi,8,
2130,hi,8,
2141,hi,8,
388,"you're a slow typer, maybe that means youre a mafiosa",9,(accusing of being mafioso)
568,"i'm totally not mafioso! lol. but it's cool, gotta make dinner anyway! ",9,
591,that's exactly what a mafioso would say,9,
671,mafioso!,9,
834,"firstname was a mafioso, so i was right",9,
857,let's hope that he is a mafioso,9,
1156,"firstname lastname... that guy has been in quite a few movies, i bet he's got mob connections. i vote firstname lastname is the mafioso! ",9,
1189,"so that you could be the last mafioso standing, your kind knows no loyalty!",9,
1282,is he the mafioso?,9,
1305,firstname is mafioso,9,
1308,well she knew who was mafioso before so she must be mafioso herself,9,
1498,i've never heard of a mafiosa named firstname,9,
1520, i've never heard of a mafiosa named firstname,9,
2069,i want to take a selfie with the mafiosa,9,
2166,lastname? like the kind of thing a mafioso might say,9,
173,i'm an upstandin' citzen!,10,(?)
657,"true, i'm used to watching reactions and hearing tone of voice.",10,
791,lol. you'll see if i get iliminated that i was a bystanfer,10,
953,he's trying to blend in!,10,
1216,show yourself!,10,
1342,they're in cahoots!,10,
1802,how can you laugh!? this is serious busines!,10,
247,"great! so, who do we vote for?",11,who do we vote for?
273,"good morning, who do we vote on next?",11,
285,i vote for john,11,
949,i still don't know who to vote for.,11,
124,yeah he's been the first voter twice,12,(contains voting and me/self)
287,ok i too will vote that,12,
333,sounds good thats how i will vote,12,
441,i'm going with the one that voted for me,12,
625,you were the first to ever vote.,12,
721,i'm voting for sam,12,
754,ah! can't vote for myself,12,
848,i'll vote for you,12,
860,he is here now and voted,12,
1014,why would you vote for yourself?,12,
1036,"i can't vote for myself, but that's not bad. i'll give you moral support.",12,
1038,"if i were you, i'd vote for me. that's all i'm saying.",12,
1060,then you've got my vote i guess,12,
1142,"vote me, i'm a dum dum",12,
1198,ok now that we've voted..,12,
1232,just don't hold anything against me if i voted for you and you survive!,12,
1244,i was the first one to vote on day 1 and got the right guy lol,12,
1809,"sure, i'll sheep vote.",12,
1844,"i'll vote for you, because you're sinister enough. you're a money hungry, hoarse horse.",12,
1898,im hungry vote me off,12,
1921,no i'm a voter,12,
1987,i just voted for the first person to vote haha,12,
114,hmm,13,hmm
260,hmmm,13,
298,hmm,13,
322,hmm,13,
652,hmm,13,
698,hmmmmm,13,
1011,hmmm...,13,
1117,hmmmmmmm,13,
1163,hmm,13,
1817,hmm hmm hmmm,13,
2093,hmm..,13,
2095,hmmm,13,
142,firstname was the deciding vote last day.  could he be mafia?,14,(talking about what firstname did)
309,firstname was trying to talk at night so he is mafia,14,
622,lastname led the mob against lastname and he was wrong suspecious?,14,
649,"he did suggest firstname last round, and i don't think firstname was actually mafia...",14,
1114,why would it be me firstname & firstname? i voted against the mafia last round... maybe you two are part of it to?,14,
1139,see they voted firstname out...other person that wanted her out was firstname. he's the next mafia,14,
1181,"since i voted for firstname to be eliminated, that means i'm not a mafia. firstname, on the other hand, wanted me gone.",14,
2173,i think firstname is mafia....she wanted him gone,14,
310,yeah i agree,15,i agree
450,i agree,15,
612,agree,15,
1025,i agree.,15,
1044,i agree,15,
1168,i agree,15,
1432,"yea, i agree",15,
1832,i'd say that too.,15,
1903,agreed,15,
1925,i agree,15,
2160,i agree,15,
96,why did you choose me,16,(?)
321,because theres no cop role youre gonna have to trust me,16,
954,because i know how you are.,16,
1437,"they said you, not me.  i just went along....",16,
1461,motive?,16,
1565,you did it to yourself. ,16,
314,no because no one said anything.,17,
443,did you not read the rules?,17,
662,or would that be too obvious?,17,
798,who didn't respond?,17,
1173,or did they?,17,
1336,we have no information about people.,17,
1450,i pretty much guess they won't say.. right?,17,
1456,yeah.. that's what all the nazis said.,17,
1496,there doesn't seem to be any evidence for it.,17,
1836,is there a point to this?,17,
52,sounds good to me. ,18,
232,sounds good,18,
416,no i'm here,18,
488,are you there,18,
531,sounds good.,18,
540,"ok, let's do it",18,
663,"eh, let's do it",18,
700,"ok, sounds good",18,
804,sounds good,18,
807,i'm here,18,
825,sounds good,18,
943,sounds good!,18,
1024,i'm here,18,
1316,i'm here,18,
1630,done deal,18,
1783,i wanna trade,18,
1819,there ya go,18,
387,jk there she is,19,
806,she hasn't responded,19,
850,yeah and she voted for me on her way out...the hell,19,
909,says the not so famous younger sister,19,
1039,"yeah, i don't like her music. i'll vote for her.",19,
1133,good she's gone,19,
1147,yes kick her out,19,
1196,she is but i voted you cause you were gonna vote me,19,
1486,jill,19,
1591,she's a mobster!,19,
1626,she was poor,19,
1728,lets get her outttta here!!!!!!!!!!!!!!!!!!!,19,
2026,was thinking her as well.,19,
2032,is she still here?,19,
2047,i don't see her name,19,
2068,"she really liked jaguars, i guess",19,
2084,how about that woman that jumped into the jaguar exhibit in arizona today. bold move,19,
2085,"she tried to pet, it didn't work",19,
2100,did she win?,19,
363,no idea yet.,20,
433,at this point it doesn't matter i guess,20,
436,they have no idea yet. :),20,
454,i have no idea at this point honestly.,20,
818,not a clue,20,
861,i don't know,20,
1043,good question,20,
1066,no clue,20,
1074,no idea,20,
1080,do not know,20,
1089,not sure tbh,20,
1170,i don't know,20,
1249,i don't understand this at all,20,
1373,doesnt matter,20,
1417,not sure,20,
1592,i honestly have no idea,20,
1850,i would assume.,20,
464,yep,21,yes
629,yeah,21,
897,yes!,21,
1350,yes,21,
1355,yes,21,
1442,yes,21,
1446,yes,21,
1711,yes,21,
1948,yes,21,
2014,yes,21,
2048,yep,21,
2108,yes,21,
85,that's jet li,22,
106,what is happening,22,
123,hola,22,
156,eyy fuggeddaboutit,22,
189,i dindu nuffin,22,
248,lol touche,22,
266,i see you,22,
290,woo,22,
300,thats sus,22,
352,awww shucks,22,
444,drhhdfrh,22,
458,aaahhh...i didn't even know what i was doing,22,
493,hai,22,
509,aye yinz,22,
582,researcher*,22,
597,sup yall,22,
598,sup,22,
723,sam it is,22,
748,sam,22,
752,wth,22,
853,this just got intersting ,22,
1055,undersatndable,22,
1123,woot,22,
1140,bwahaha,22,
1190,yip,22,
1192,intense,22,
1197,meanie,22,
1267,benyamin is correct.,22,
1347,howdy,22,
1443,hxcbv,22,
1444,xjfhuishf,22,
1445,bsdfyhidu,22,
1467,hai,22,
1470,doooo ittttt,22,
1491,italiansayswhat?,22,
1563,what's lampredotto? ,22,
1581,woops,22,
1616,feather hench,22,
1623,feather,22,
1750,helo,22,
1769,damnuit,22,
1778,boobs,22,
1796,h3ehe,22,
1803,.... my spelling sucks.,22,
1910,sup,22,
1964,"this is gonnna be harder than i thought, lol",22,
1985,f,22,
2010,yelloooo,22,
2105,sup,22,
27,that is not the lastname.,23,
103,firstname lastname,23,
105,firstname lastname,23,
132,lastname then,23,
222,firstname next,23,
233,firstname lastname,23,
277,firstname lastname,23,
306,are we going for lastname?,23,
383,yeah lastname,23,
507,firstname get firstname lastname,23,
517,firstname lastname is scary.,23,
619,firstname lastname,23,
631,firstname lastname?,23,
642,firstname lastname?,23,
920,firstname lastname has to go,23,
932,firstname lastname sleeps with the fishes,23,
975,lastname is the next to get it.,23,
995,let's lastname firstname ,23,
1026,what about firstname lastname?,23,
1071,trying to lastname you ,23,
1218,firstname lastname,23,
1221,firstname lastname,23,
1234,firstname lastname,23,
1251,firstname lastname,23,
1252,firstname lastname,23,
1253,firstname lastname,23,
1254,firstname lastname,23,
1256,firstname lastname,23,
1259,firstname lastname is my pick this time,23,
1322,firstname lastname,23,
1327,firstname lastname appeared after the night,23,
1502,firstname lastname,23,
1506,firstname lastname needs to go,23,
1508,firstname lastname after firstname,23,
1617,firstname lastname sounds appropriate,23,
1625,firstname firstname next,23,
1690,get firstname lastname,23,
1692,lets pick firstname lastname,23,
1703,let's pick firstname lastname,23,
1797,firstname lastname,23,
1846,firstname lastname!,23,
1873,not firstname lastname,23,
1890,firstname lastname,23,
1922,firstname lastname jr?,23,
1923,firstname lastname,23,
1935,firstname lastname,23,
1998,firstname lastname,23,
2016,firstname lastname,23,
2030,firstname lastname,23,
2036,firstname lastname,23,
2065,firstname lastname,23,
2074,lastname,23,
2142,firstname lastname,23,
2147,is firstname next,23,
2151,firstname lastname is next,23,
2165,why firstname lastname?,23,
533,def different orders,24,
648,i'll go with the group,24,
895,first is always safe its second,24,
970,cya later lol,24,
1098,dance fight,24,
1130,m just trying to get this party started,24,
1144,who want to go first?,24,
1145,ready to kick someone...,24,
1363,nobody is going to questoin the people that quick to the draw?,24,
1701,"it's the first turn, anyone have any ideas?",24,
1984,doctor's orders,24,
2146,a bit too eager...,24,
44,firstname lastname was the first to accuse me. they are mafia,25,
56,"firstname lastname here, not a mafia member :)",25,
62,firstname and firstname have to be the mafia based on the voting patterns.,25,
313,only the people who can sse firstname message is other mafia ,25,
341,"lastname is mafia, eliminate her",25,
614,"firstname made an accusation before discussing, so firstname is probably mafia.",25,
645,"too many people saying firstname, they are probably mafia",25,
659,"probably should kill firstname, since he thinks i'm mafia, haha",25,
690,firstname doesn't sound mafia. but it could be a trap.,25,
693,sam if firstname isn't mafia i'm assuming you are,25,
734,lastname sounds mafia,25,
885,"seems odd that firstname would make the first choice, probably mafia",25,
1084,"hmm, you targeted someone so fast firstname, ... mafia trying to point fingers? ",25,
1129,everyone agreeing firstname is probably mafia,25,
1134,firstname... that sounds like someone in the mafia ,25,
1174,"if you ask me, that means firstname lastname might well be a mafia. ",25,
1180,it turns out that firstname was indeed a member of the mafia.,25,
1247,so i think firstname is mafia,25,
1250,"i would defo be the least competent mafia person ever.  i'm with you, firstname.",25,
1332,well sounds like firstname is mafia,25,
1341,the three that picked firstname are probably mafia!,25,
1489,lastname is a mafia name,25,
1490,lastname is a mafia name guys trust me,25,
1503,firstname total mafia name and awfully quit,25,
1642,firstname watch out! the mafia is out to get you!,25,
1725,"firstname lastname is a crappy person, but not mafia",25,
1730,agreed. firstname is mafia.,25,
1743,firstname is mafia,25,
1756,"firstname is mafia, lets get rid of her",25,
1758,firstname is mafia too,25,
1768,"hey firstname, who do you think is in the mafia?",25,
1773,"interesting, would make sense firstname is mafia. ",25,
1810,"firstname lastname, are you the mafia lady?",25,
1815,get that mafia murderer firstname!,25,
1854,"if i was mafia, i'd want firstname lastname to be my name. very suave.",25,
1879,firstname is mafia i think,25,
1906,well firstname isn't mafia we know that,25,
1937,firstname lastname is mafia,25,
1942,firstname is mobster,25,
2037,firstname lastname or firstname both are mafia,25,
2080,firstname def mafia,25,
2094,firstname lastname mafia confirmed,25,
2109,"firstname is a mafia too, i saw it when we were chatting last night",25,
2117,who thinks firstname is mafia?,25,
2131,sounds like a mafia name to me ,25,
2145,firstname should probably be next since she is throwing people under the bus...sounds just like mafia,25,
2161,yeah i heard she laundered money to the mafia along with firstname lastname.,25,
2174,firstname lastname... lastname. laundry. laundered money to the mafia!,25,
2185,"gasp, so firstname wasn't mafia?",25,
256,hello again everyone!,26,
358,hello!,26,
392,hello!,26,
579,hello!,26,
1155,hello!,26,
1384,hello!,26,
1387,hello!,26,
1388,hello!,26,
1481,hello. not me!,26,
1551,hello all!,26,
1574,greetings!,26,
2027,hello!,26,
2139,hello!,26,
2159,hello people!,26,
126,espinoze to make it seem less suspicious?,27,
136,lastname's acting suspicious,27,
137,"i'm not, but i certainly can see how it would be suspicious. at this point, i don't know what's going on",27,
196,that sounds suspicious...,27,
203,"sorry firstname, but you sound suspicious",27,
320,just trust,27,
439,suspicious*,27,
564,"that sounded a lastname suspicious, just saying",27,
610,kind of suspicious to just vote for a random guy first before discussion.,27,
784,so she could be afk or not wanting to look suspicious,27,
814,this game can easily make one feel paranoid...,27,
1007,yeah i don't trust the guy,27,
1037,i have been acting suspiciously.,27,
1301,you sound very suspicious firstname,27,
1492,i go with my gut instinct,27,
1526,i go with my gut instinct,27,
1673,anyone have anything to offer. i dont even know what would be suspicious,27,
1859,"getting really suspicious of you silent, murder-y types.",27,
308,i couldnt ,28,
371,i'm slow,28,
406,you are*,28,
418,you're very accusatory,28,
445,i'm real,28,
460,i did,28,
931,i don't konw,28,
1131,i',28,
1167,i,28,
1358,you're an all star,28,
1435,i'm not,28,
1454,"i'm...melting,.,",28,
1594,i am not!,28,
1720,im not,28,
1788,i am,28,
1841,you are?!,28,
2111,me,28,
2121,i didn't though,28,
12,"yeah tons of errors in console, oh well messaging req",29,
31,is it stuck?,29,
167,it's too dark to see the screen,29,
741,glitch?,29,
1104,yeah it is fast,29,
1237,looks like the problem is solved!,29,
1365,yeah and i don't know how?,29,
1538,that works for me :) ,29,
1567,check the instructions,29,
1640,would that be the blue screen of death on the computer?,29,
1658,i think my thing is lagging ,29,
21,"right. so, should we just sit back and let them eat themselves?",30,
368,should we wait to eliminate someone?,30,
408,y'all are lynching an innocent person,30,
751,he keeps trying to get rid of people,30,
923,i'm here.  i just hate to pick someone to get rid of.,30,
1086,well i guess we're killing this guy,30,
1460,you seem eager to throw people out,30,
1934,i say we elinate,30,
1965,any thoughts on strategy?,30,
11,sure,31,
319,sure why not,31,
357,sure,31,
522,sure.,31,
632,sure,31,
862,sure,31,
1172,sure,31,
1755,sure,31,
2058,sure,31,
2066,sure.,31,
2205,sure,31,
250,good morning!,32,
261,have a good night muwhwhw,32,
526,good morning!,32,
537,see you tomorrow morning :x,32,
845,good morning again!  :-),32,
1070,welp see you guys in the morning,32,
1148,very gd morning,32,
1184,good morning!,32,
1186,"very few of us left, wow. good morning, brave few. ",32,
1561,good morning friends,32,
1618,good day,32,
74,guess it's all me then.,33,
571,i guess,33,
630,just a guess,33,
664,it might be,33,
735,maybe,33,
852,lol there he is,33,
859,pretty sure he is,33,
1050,sounds like it could be any possibility. ,33,
1058,lol guess they're not that smart.,33,
1059,i think it could be either.,33,
1676,seems between those two,33,
1688,i'm not sure how to guess,33,
1706,well then. guess it wasn't either of those guys,33,
1820,guess it wasnt her lol,33,
1899,could be any of us. its just a guess.,33,
1914,it's you probably,33,
2029,so any guesses?,33,
2033,guess not,33,
2184,guess not :(,33,
16,lol,34,
63,lol,34,
284,lol,34,
435,lol!,34,
472,lol,34,
729,lol,34,
738,lol,34,
815,lol ,34,
851,lol,34,
868,lol :(,34,
887,lol,34,
890,lol,34,
919,lol,34,
965,lol,34,
1127,lol,34,
1175,"ehh, lol",34,
1202,lol,34,
1286,lol,34,
1292,lol,34,
1326,lol,34,
1354,lol,34,
1362,lol,34,
1389,lol,34,
1545,lol,34,
1595,lol,34,
1600,lol ,34,
1612,lol,34,
1624,lol,34,
1691,lol,34,
1826,lmao,34,
1924,lol,34,
1949,lol,34,
1972,lol,34,
1978,lol,34,
2061,lol,34,
2099,lol nice,34,
184,kill me first..hahahah,35,
354,kill me lol,35,
411,if you kill me,35,
871,don't kill me!,35,
901,i want to die,35,
1194,but you know that don't you,35,
1227,awww.... now you're going to kill me.  lol.  ,35,
1230,"hey, gotta kill someone.",35,
1644,be gentle!,35,
1675,too easy well i dont want to just blindly kill so idk,35,
1885,don't you turn this on me,35,
1908,so don't kill her,35,
1961,i'm a simple woman and would never harm anyone,35,
2110,lets kill him,35,
2115,"it's okay, you only got them killed",35,
66,i'm trying to help,36,
88,oh,36,
160,oh really,36,
165,oh yeah,36,
218,lolz,36,
278,idk,36,
326,oh it's just me now,36,
403,wait,36,
421,whoops,36,
424,oh crap,36,
432,nevermind,36,
453,idk ,36,
466,oops.,36,
639,no joke,36,
655,i missed that,36,
714,lol idc,36,
727,wait wait,36,
832,dang,36,
833,oh my ,36,
893,its the asian one ,36,
913,oops,36,
989,idk though,36,
1027,so be it then,36,
1056,ah wait,36,
1415,says the bot,36,
1646,oh it started ,36,
1647,oops,36,
1801,oh nooooo,36,
1958,oooo,36,
1963,oh boy,36,
2021,oh boy,36,
2176,well i'm stumpes,36,
2200,"whoops, did i say that out loud?",36,
198,sorry firstname :(,37,
201,sorry firstname you seem to protest too much :(,37,
274,sorry firstname!,37,
422,sorry firstname (if you're still watching),37,
463,"yes, i apologize firstname",37,
608,sorry make that firstname lastname,37,
678,"sorry, firstname",37,
740,sorry firstname,37,
803,sorry firstname...,37,
819,"going for people who aren't participating first though so, sorry firstname",37,
902,thanks firstname,37,
903,sorry firstname,37,
966,thanks firstname,37,
1067,sorry firstname ,37,
1293,"well i guess you get to finish early, sorry firstname :(",37,
1434,"aw firstname, now i'm feeling sorry for you.",37,
1505,"sorry, firstname",37,
1603,i'm sorry if i'm wrong firstname...,37,
1604,sorry firstname,37,
1633,"sorry, firstname!",37,
2002,oos sorry firstname,37,
2003,sorry firstname,37,
2012,sorry firstname,37,
2046,sorry firstname.,37,
0,hello,38,
1,hello,38,
35,hello?,38,
82,hello,38,
162,hello,38,
179,hello,38,
186,hello,38,
211,hello,38,
227,hello,38,
234,hello,38,
245,hello,38,
280,hello,38,
281,hello,38,
311,hello,38,
364,hello,38,
366,hello,38,
398,hello,38,
474,hello there,38,
478,hello,38,
489,hello,38,
494,hello,38,
498,hello,38,
519,hello,38,
523,hello,38,
553,hello,38,
557,hello,38,
566,hello,38,
573,hello,38,
682,hello,38,
703,hello,38,
707,hello,38,
793,hello,38,
795,hello,38,
808,hello,38,
865,hello,38,
869,hello,38,
872,hello,38,
898,hello,38,
941,hello,38,
948,hello,38,
958,hello,38,
1001,hello.,38,
1004,hello,38,
1063,hello~,38,
1075,hello,38,
1079,hello,38,
1088,hello,38,
1125,hello,38,
1150,hello,38,
1209,hello?,38,
1265,hello,38,
1270,hello,38,
1294,hello,38,
1296,hello,38,
1343,hello,38,
1367,hello,38,
1376,hello,38,
1386,hello,38,
1399,hello,38,
1401,hello,38,
1403,hello,38,
1458,hello,38,
1459,hello,38,
1466,hello,38,
1539,hello,38,
1558,hello.,38,
1584,hello,38,
1586,hello,38,
1610,hello,38,
1615,hello,38,
1622,hello,38,
1635,hello,38,
1645,hello,38,
1649,hello,38,
1650,hello,38,
1654,hello,38,
1663,hello.,38,
1713,hello,38,
1736,hello,38,
1739,hello ,38,
1867,hello,38,
1869,hello,38,
1871,hello ,38,
1950,hello,38,
1962,hello,38,
1989,hello,38,
1992,and hello,38,
1996,and hello,38,
2052,hello,38,
2089,hello,38,
2116,hello,38,
2123,greetings,38,
2136,hello,38,
125,what should we do now?,39,
214,who now?,39,
402,what?,39,
415,what,39,
442,too late now,39,
480,we just lost didn't we?,39,
840,who now?,39,
847,who now?,39,
960,"what, when?",39,
976,what now?,39,
1277,wait what?,39,
1315,what?,39,
1410,what about now?,39,
1705,"yeah. we don't really have anything else to go on now, you know?",39,
1814,what,39,
76,stalking in the night.,40,
77,eating some donuts.,40,
152,colonel mustard in the library with the candlestick,40,
171,yeah! that guy's a rat fink.,40,
243,i will haunt you,40,
328,or did you know because you were the one talking to him at night,40,
373,it's a shot in the dark.,40,
385,shot in the dark ,40,
490,the single person,40,
745,sleeps with fishes,40,
843,this is scaring me.  how do you find the bad guys?,40,
905,see you later,40,
1054,who loves italian food,40,
1271,then they'll know it was you,40,
1418,someone's a fibber,40,
1575,"you seem to be really connected to the family, like a targaryen.",40,
1632,"things that make you go ""hmm""",40,
1855,i read it in the sun.,40,
1857,<-clearly evil mastermind. ,40,
2019,say goodnight.,40,
2044,"okay, so someone needs to sleep with the fishes",40,
2076,any favorites?,40,
2126,look for the long coat,40,
2129,tommy with the butcher knife in the kitchen,40,
2177,anyone want to confess?,40,
455,"very boring, can't change my vote now but thanks for the apology",41,
691,welp votes aren't changeable ,41,
1030,well you got my vote if oyu want it.,41,
1178,"welp, its too late to change my vote",41,
1222,"oh, shoot.  i can't change my vote.  :(",41,
1224,no it says not changeable,41,
1225,"what are we supposed to base this vote on?  my button says ""vote (note changeable)""",41,
1228,"you can still click it, just can't change it afterwards.",41,
1500,i vote to evict the annoying,41,
1709,whoa sorry about that my page suddenly scrolled down and i thought time was up and just hit vote,41,
1811,"i just realized, i had to push vote xd oops. i haven't been voting",41,
4,??,42,
395,right?,42,
755,yea...,42,
855,yeah...again,42,
1299,hm?,42,
1628,?,42,
2133,? ,42,
70,me too!,43,
135,yeah me too,43,
447,me either,43,
589,yeah same,43,
863,i feel the same,43,
1261,me too,43,
1409,same,43,
1413,same,43,
1414,me too,43,
1671,same ,43,
1920,me too!,43,
2060,im both,43,
2091,i am too,43,
389,"firstname hasnt replied in awhile, bye!",44,
409,bye firstname,44,
504,bye firstname,44,
944,bye firstname,44,
1278,i mean i'm all for bye firstname lol,44,
1476,bye firstname,44,
2038,say bye bye firstname,44,
2103,buh bye firstname,44,
2144,bye firstname :(,44,
95,you are right my mistake,45,
353,ty,45,
465,no problem,45,
468,nah it's fine.,45,
536,sorry :d,45,
736,"not pc, sorry",45,
799,all respoded,45,
1425,my bad,45,
1436,then i'm sorry,45,
1473,:-( sorry.,45,
1605,sorry,45,
1648,all good,45,
1657,sorry,45,
1678,"sorry, :)",45,
1979,sorry kat,45,
2018,sorry!,45,
2040,it's ok,45,
2120,"i got that one wrong, so sorry",45,
130,i think it's random,46,
292,since theres only two roles we sort of have to random lastname,46,
592,it's so random,46,
609,are we really just going random names or do we have a real reason,46,
827,so i vote we all pick random names,46,
829,which is why i say we all randomly pick,46,
876,"sorry, i just picked a random name :(",46,
1068,its random if there arent enough votes,46,
1345,i really dislike this randomly generated name.,46,
1394,wish they would have made this like the actual game. all we can do is just randomly pick people lol,46,
64,"i think so. because mafia know who the other mafia are, and probably wouldn't kill their own",47,
122,i wonder if the mob is purposefully not getting rid of people at night and instead trying to do it during the day? how many can be in the mafia? ,47,
317,i knew because i played mafia on epicmafia where that kind of slip happens all the time,47,
484,only mafia can talk at night,47,
577,i did the first round purely because it sounded mafia like but i'm observing who hasn't voted proven mafia now,47,
705,is there any way to tell if he was mafia?,47,
731,hope he is mafia,47,
767,i thought mafia had to outnumber bystanders to win,47,
788,that sounds like something mafia would say,47,
929,well it seems the mafia missed their first chance mwuhaha,47,
979,what mafia meeting?,47,
991,probably know hes not mafia,47,
1085,dance fighting is how all mafia disputes are settled,47,
1110,maybe quiet is a bystander trying to stay away from the mafia,47,
1659,maybe the people who are all voting the same the first day are mafia?,47,
1665,only mafia can talk and vote at night,47,
1668,mafia can't send messages at night.,47,
1751,amnda is mafia,47,
1808,"the mafia has raptors, i'm sure.",47,
1939,that's what somebody in the mafia would say!,47,
2081,that's what someone in the mafia would say,47,
2098,were building the wall in the mafia game,47,
2158,thats such a mafia thing to say!!,47,
2175,not close enough to know he wasn't mafia.,47,
78,"hi!, who do you want to elimate?",48,
154,who's the mouthiest???,48,
169,who's next?,48,
291,who's next? does anyone have any leads?,48,
336,lol we'll get you next,48,
374,who do you think?,48,
502,so who should be next,48,
527,i was thinking 2nd. ,48,
538,"alright, who will it be",48,
606,"yo, who do you think?",48,
769,who's next?,48,
810,who's next?,48,
842,i did not thinking i could be next!!!,48,
930,who's the next?,48,
1033,'jr.',48,
1046,looks like we're down to 3?,48,
1103,so who is next?,48,
1369,who's next...,48,
1552,"alright, who's next?",48,
1553,who do you think now?,48,
100,i missed you guys,49,
121,"guys, no",49,
359,hey guys,49,
534,"yeah, we do. ",49,
1053,its up to you guys i guess haha,49,
1568,we're all dumb here,49,
1608,hey guys.,49,
1744,hey just for lol guys,49,
1749,no guys,49,
1955,hey guys!,49,
131,whoa! i'm confused,50,
175,a bidnessman!,50,
217,oh no!,50,
252,noooooooo!,50,
335,let's knock one out,50,
351,i'm hit!,50,
391,damn!,50,
696,only a small amount of time left!,50,
787,seriously!,50,
892,not this time lol,50,
933,awesome!,50,
962,i knew it!,50,
1108,get him!,50,
1183,"my detractors, however, clearly want me gone for the very reason that i have them pinned!",50,
1429,we got one of our own :(  ,50,
1471,thats an offer you cannot refuse!,50,
1497,lol i hope your doctor doesn't do the same,50,
1606,ouch!,50,
1639,"oh no, i guess my time has come!",50,
1787,kick me out for that moneyy,50,
1845,oi! ,50,
2078,"lol, the pressure!",50,
2169,"oops, deb's was taken in the night! :d",50,
2191,get him!,50,
2197,you wouldn't hurt this face!,50,
25,firstname lastname said only hello,51,
55,i think firstname talks a lot and tries to confuse us. ,51,
59,"i don't like firstname lastname, she seems to try to ply herself off.",51,
72,firstname was a bit too quick to throw firstname under the bus on day one though.,51,
119,why is everyone choosing firstname?,51,
144,maybe its you firstname,51,
197,it seems like firstname lastname is trying to intimidate us!,51,
199,firstname is still trying to intimidate us!,51,
236,poor firstname lol,51,
249,looks like firstname isn't doing so hot,51,
299,why did firstname lastname random voe firstname,51,
337,ha ha firstname should have said that earlier,51,
370,"hmm ok analyzing this conversation....i think firstname was a lastname to flippant in how she was like ""sucks to be firstname"" haha",51,
377,mr. firstname is only mr. lol,51,
414,sucks to be firstname,51,
452,firstname hasn't really said anything until now which is suspicious,51,
576,what did firstname do,51,
578,you know firstname hasn't said anything yet,51,
600,why firstname?,51,
615,firstname firstname is too smart for her own good.,51,
637,"wow, looks like firstname isn't having any luck",51,
658,i only suggested firstname because he suggested me. live and let live otherwise,51,
670,"don't go after firstname, he's just an innocent um",51,
711,what kindof person is named firstname anyway,51,
742,firstname aint talking,51,
768,i don't think firstname has talked either,51,
780,well going after firstname was a mistake.  ,51,
800,i don't see firstname lastname responding,51,
839,why firstname?,51,
926,"firstname, firstname, firstname, firstname are still quiet",51,
942,firstname lastname is a problem.,51,
952,i think firstname is throwing around a lot of accusations.,51,
993,no one seems to like firstname! lol,51,
1006,firstname sounds suspicious,51,
1083,that was not very nice of firstname,51,
1094,something suspicious about firstname lastname,51,
1095,"i think it's firstname, too quiet",51,
1119,it can't be firstname,51,
1120,it doesn't make sense to be firstname.,51,
1152,even firstname agrees that firstname cannot be trusted.,51,
1164,firstname was quick to point his finger at firstname.,51,
1169,firstname can't be trusted,51,
1213,firstname is quiet...,51,
1246,firstname got the wrong guy,51,
1291,she only asked if firstname was,51,
1328,only firstname does,51,
1329,but firstname is not speaking,51,
1416,firstname didn't answer,51,
1479,i think you all should worry about firstname. why would she single me out?,51,
1512,"firstname said ""firstname lastname after firstname"" and then she disappeared. it's obvious",51,
1522,firstname has bad attitude,51,
1527,firstname has bad attitude ,51,
1560,why firstname why!?,51,
1636,why all the hate for firstname?,51,
1641,poor firstname :(,51,
1677,hmm well firstname kept the same person,51,
1761,firstname lastname is too suspicious,51,
1770,meant to click firstname and can't change it,51,
1780,i bet firstname did it. just look at that evil laugh. just sayin.,51,
1799,"firstname is really quiet, whats up with that? you think the killer is gonna talk? no way, they are gonna be silent and invisible.",51,
1824,never mess with firstname on her period.,51,
1825,"just look at the denial from firstname. i'm telling you, prime suspect, just saying.",51,
1837,"you're right, firstname isn't talking.",51,
1849,"well, firstname probably asked for it anyways.",51,
1889,i don't trust firstname,51,
1913,firstname talkin too much,51,
1932,ok so they think it's firstname,51,
1944,since firstname seems very quiet,51,
2059,firstname is too quiet,51,
2125,poor firstname,51,
2155,he did have it out for firstname though,51,
2163,poor firstname.,51,
2199,seemed like firstname and him were close,51,
153,wrong game,52,
157,hey i'm just playin' wit' you'se.,52,
223,wow what a game,52,
276,its all part of the game :),52,
448,i read the rules as well,52,
459,not sure i'm even playihg with real people???,52,
518,hahaha just playin my dawg! this game mad fun man,52,
646,this game is harder when you can't interact in person and read people's body language,52,
904,"it was real, it was fun, it was really fun",52,
974,"i dont play blend in games, if you wanna vote me out, go ahead",52,
1177,mind gamessss,52,
1248,"yes, i clearly suck at this game.  no argument from me!  ",52,
1302,"its ok, i am kinda over this lol",52,
1463,that's what we play for,52,
1469,"guys not playin, so lets knock him out",52,
1543,i've been playing it my whole life.  ,52,
1679,ðŸ¤” i still don't know i'm just going along with the crow d,52,
1782,kill me cause i'm sick of this stupid game,52,
1789,and this a game,52,
1880,agree how are we supposed to play this game over a chat box haha,52,
1901,great game in person,52,
1915,kind of a fun game haha,52,
2041,just a game peeps,52,
2056,"that would be a short game, lol",52,
20,who shall we knock off first? firstname?,53,
28,"that's only in the nighttime, firstname.",53,
57,"firstname, it's about time you die",53,
73,and now firstname.,53,
75,"firstname lastname, one woman army.",53,
155,you'se better not be think'in of pushin' a button on firstname lefty lastname!,53,
170,he;s already dead..how about firstname,53,
202,firstname next...,53,
264,"lol! awe, firstname",53,
275,hopefully firstname doesn't kill me.,53,
318,100% firstname,53,
347,let's let firstname go home,53,
349,as you wish firstname!,53,
419,"firstname, your time has come",53,
499,so that mean firstname needs to go,53,
514,we outchea firstname,53,
651,are we doing firstname?,53,
672,i still think firstname myself ,53,
674,"firstname said to kill firstname last round, haha",53,
699,let's get firstname,53,
746,"ok firstname, who's next?",53,
760,i think we can get people to turn on firstname because she stuck up for sam,53,
837,hello firstname.  who should we knock off?,53,
879,hmmm it seems like they might go firstname next round,53,
906,firstname chose firstname first so has to be matt,53,
997,firstname will whack us.,53,
1002,let's take out firstname.,53,
1062,they pushed firstname in the beginni,53,
1102,firstname tried to break my legs,53,
1113,firstname's turn....,53,
1217,"hey everyone! firstname here, ready to follow the crowd!",53,
1235,lets take out firstname,53,
1272,we can do firstname and try to throw them off the tail?,53,
1283,lets take out firstname writght,53,
1287,firstname lives!,53,
1295,i think ben and firstname are gonna win,53,
1349,firstname seemed quick to the draw.,53,
1423,next during the day let's pick firstname,53,
1457,lets get firstname!,53,
1480,firstname has got to go!,53,
1507,firstname is dead weight,53,
1521,firstname must go now,53,
1523, firstname is dead weight,53,
1528,100 % firstname,53,
1529,firstname needs to go 100%,53,
1530,firstname needs to go next,53,
1534,firstname 100% must go,53,
1535,c-ya firstname,53,
1577,firstname made the best lampredotto.,53,
1582,i say firstname for getting 99 red baloons stuck in my head,53,
1583,"firstname: lol, now that's stuck in my head. ;)",53,
1684,"firstname, care to weigh in?",53,
1700,let's get firstname ,53,
1759,firstname is a made man,53,
1781,pitch fork time! get firstname!,53,
1828,"and wtg, firstname.",53,
1838,think firstname's getting 86d,53,
1912,get firstname outta here,53,
1947,i think firstname will believe us,53,
1968,lolol i know...i think dr. firstname should be next to go,53,
1973,"that's not nice, dr. firstname! ",53,
1997,firstname firstname md ,53,
2028,lets off firstname!,53,
2042,later firstname!,53,
2086,firstname... and i think we win?,53,
2119,we can get firstname next round,53,
2182,firstname had it coming we all know it,53,
2204,so is firstname next,53,
67,and i would've gotten away with it if it wasn't for you meddling kids :d,54,
875,nope ;),54,
983,now ;),54,
1193,awww but it's not :(,54,
1211,you obs. :),54,
1269,well nice knowing you!,54,
1284,knows too much!,54,
1681,that's just mean man! ;),54,
1683,no sweat ;),54,
41,wow isn't that convenient,55,
127,"ok, wow",55,
185,thank you,55,
334,great,55,
399,wow,55,
437,love this,55,
462,"ya, this is boring",55,
479,nice,55,
574,well great lol,55,
583,"welcome, it's quite lonely",55,
917,so long ,55,
1236,so uh good job on the first hanging,55,
1433,so long,55,
1542,how does this work ,55,
1697,thank you,55,
1748,great,55,
1847,wow.,55,
2001,how,55,
2194,this is gold,55,
2196,bless,55,
191,gg mafia,56,
225,if you are in the mafia please say so,56,
269,any mafia in here?,56,
482,"okay, who here is mafia?",56,
491,the mafia is center of person,56,
554,yep... are we the only mafia?,56,
636,who do you think is a mafia member?,56,
673,how is mafia,56,
712,nope only the mafia,56,
728,are you mafia?,56,
762,well there's at least one mafia left,56,
790,i'm not mafia guys :(,56,
1048,does that mean there's one mafia left? are we all bystanders? how does this work haha,56,
1109,:/ i'm not mafia... ,56,
1122,mafia is gonna win cause you are idiots.,56,
1124,lets go mafia!,56,
1153,i am not mafia. ,56,
1231,how do we get rid of the mafia??,56,
1268,"i guarantee you i'm not mafia, but do what you gotta do.",56,
1333,i'm not smart enough to be mafia.,56,
1447,i'm a bystander too... not mafia.. not a bot.,56,
1449,who is the mafia?,56,
1453,don't do it.. i'm really not a mafia.,56,
1494,no idea who mafia might be...,56,
1550,there seems to be some mafia members among us!,56,
1643,who is in the mafia? hmm...,56,
1674,who is mafia? ,56,
1721,"hi, bystanders!  seems to me if we're smart, and we have more than the mafia, we can win this if we're smart",56,
1733,i'm mafia,56,
1772,so who do we think is in the mafia? ,56,
1804,"so, let's just confess. if you're the mafia, say so!",56,
1883,if you are mafia just respond to this ,56,
1894,welp they weren't mafia.... so there are only a few choices left,56,
1929,who do you think the mafia is,56,
2054,im too nice to be mafia,56,
2062,im mafia,56,
2071,i mean i'm just processing everyone admitting to being mafia even though they can't all be lol,56,
2072,sigh i should of just said i'm mafia like everyone else ,56,
2079,i am the mafia,56,
2090,i know who is mafia,56,
2096,nobody thinks im mafia...,56,
2149,dirty mafia,56,
2168,are we in agreement that deb is mafia?,56,
2203,joke is on you mafia!,56,
6,"i don't really understand how we're supposed to know who to vote for, i just chose firstname lastname at random..",57,
110,i already voted for firstname,57,
111,quick with the lastname vote already...,57,
166,"hi, i vote for firstname",57,
237,"hi, this is firstname, don't vote for me!",57,
239,shall we vote out firstname lastname,57,
240,who to vote out? firstname lastname?,57,
241,vote out firstname,57,
270,"hmm, i think we should actually vote out firstname. he seems too eager to kick people out.",57,
272,"i'm going to vote for firstname lastname, because he seems to like kicking people out.",57,
286,voting for firstname then,57,
297,how about firstname since he voted for firstname,57,
312,i'm going to vote for firstname,57,
325,voting firstname,57,
329,firstname was quick to vote,57,
339,vote out firstname,57,
342,vote for firstname lastname,57,
344,vote firstname in the daytime,57,
346,vote for firstname lastname,57,
348,i vote firstname,57,
372,i'm going to vote firstname. she's so casual with life and death,57,
656,i vote firstname,57,
708,vote for firstname,57,
709,vote out firstname,57,
854,firstname already voted this round for firstname....,57,
881,firstname seemed vocal - should we pick him and then vote firstname when it is everyone,57,
910,want to vote firstname?,57,
940,im voting firstname lastname,57,
947,i'm voting for you then firstname,57,
971,"i am voting out firstname, sorry firstname lastname had to do it ;]",57,
1013,"you're voting for yourself, firstname?",57,
1121,i vote firstname c. since she voted off firstname first,57,
1266,why vote firstname? ,57,
1276,why are we voting firstname?,57,
1280,we should vote on firstname mcconnel,57,
1331,i vote for firstname lastname to be eliminated,57,
1346,i vote for firstname this time,57,
1422,i voted firstname out,57,
1488,firstname baron. everyone vote firstname baron.,57,
1715,i'll vote firstname,57,
1731,"firstname, who should we vote out then?",57,
1760,one more vote for firstname,57,
1795,"don't vote for firstname, make them suffer and wait.",57,
1813,i say vote firstname. that silence is deadly.,57,
1887,i'm voting for firstname ,57,
1943,ok now let's eliminate firstname then outnumber vote firstname,57,
1952,let's vote for firstname,57,
1957,firstname vote firstname,57,
2083,firstname vote for yourself. your fate has been decided,57,
2102,im voting firstname,57,
2153,i'll vote firstname too i guess!,57,
2167,i say vote for firstname,57,
2172,i voted firstname,57,
2198,i'll vote firstname.,57,
2201,firstname how could you vote for firstname?! taken in his prime... you monster i can never forgive you.,57,
29,has anyone not talked yet,58,
163,matt has a lot to say...,58,
259,i don't see him on here conversing ,58,
376,whoever doesnt respond? lol,58,
412,no one wants to talk huh,58,
758,he hasn't said much.,58,
766,who hasn't talked at all?,58,
773,since no one else is speaking,58,
789,if only we had a secret language,58,
858,he's spoken once,58,
889,so you talked first now?,58,
896,so first one to talk gets to die ,58,
911,lol - nobody wants to talk,58,
928,let's see who speaks up.,58,
1021,"well, is anybody not talking?",58,
1022,who talked the least?,58,
1143,"yeah, he didn't get to say much yesterday",58,
1613,you all will see soon (shrugs),58,
1718,im just talkative lol,58,
1852,awkward silence.,58,
145,i say lets get rid of firstname,59,
168,yeah lets kill off firstname!,59,
226,want to eliminate firstname?,59,
238,i agree to eliminate firstname,59,
332,"hello, we should eliminate firstname",59,
343,"i think we should hold off on firstname, and take someone else out",59,
355,kill firstname lastname b/c i gtg,59,
393,i think we should eliminate firstname,59,
483,i will eliminate whoever firstname chooses.,59,
495,eliminate firstname lastname.,59,
496,firstname let get rid of  firstname,59,
508,firstname lastname keeps suggesting and eliminating bystanders,59,
596,eliminate lastname,59,
599,killing firstname lastname lol,59,
634,eliminate mathew lastname,59,
640,let's take firstname lastname out of the game.,59,
680,i say we get rid of firstname,59,
730,lets get rid of firstname lastname,59,
771,hmmm let's get rid of firstname i think,59,
866,do you want to get rid of firstname lastname?,59,
924,lets get rid of firstname,59,
1100,lets eliminate firstname ,59,
1151,i agree. let's eliminate firstname.,59,
1179,firstname wanted firstname lastname gone.,59,
1185,firstname did want firstname gone though...,59,
1203,eliminating firstname would be obvious,59,
1321,it appears firstname lastname might be gone,59,
1340,why does everyone want to eliminate firstname lastname?,59,
1465,kick firstname lastname out,59,
1485,i say we eliminate firstname lastname,59,
1509,firstname disappeared firstname wanted firstname gone,59,
1524,firstname is gone,59,
1609,lets eliminate the first name,59,
1726,get rid of firstname,59,
1764,get rid of firstname?,59,
1892,firstname lastname needs to be gone,59,
1893,lets eliminate firstname,59,
1918,i'm going to vote we eliminate firstname lastname,59,
1969,let's get rid of firstname,59,
18,yeah perhaps vote her out,60,
268,who should we vote out?,60,
679,so who should we vote out?,60,
749,gonna vote yourself out?,60,
1057,want to be voted out?,60,
1734,vote me out,60,
1752,vote her out,60,
1884,vote me out then lol,60,
1904,or am i just saying vote me off,60,
1926,so do we want to vote off someone,60,
1933,let's not vote for them,60,
37,yeah the timer got to zero but we aren't moving to daytime. ,61,
139,"i keep having to scroll up to see how much time is lef, lol",61,
338,i swear this timer moves slower than normal,61,
390,30 secs,61,
469,i didn't notice the time was so low.,61,
559,lonely time,61,
638,i think the timer's a bit long for the night and day sessions. everyone have a good evening!,61,
695,why did the timer start over?,61,
697,40 seconds for me,61,
1076,"timer is fast, didn't know which firstname",61,
1335,because i showed up a few seconds late?,61,
1356,weren't you quick to the draw first round?,61,
1364,i loaded in late to the first round,61,
116,day,62,
159,just chat,62,
449,days are too long,62,
570,live to fight another day,62,
737,long day,62,
907,im first to talk to a second day,62,
1790,im a hoarse,62,
1822,im a bounty hunter/ raptor trainer by day,62,
1864,i like talking to myself!,62,
330,why?,63,
456,why??,63,
530,why not,63,
627,why not,63,
687,why?,63,
1464,why???,63,
1762,why?,63,
1874,why?,63,
2152,why?,63,
38,bystander here,64,
39,i am a bystander too.,64,
40,bystander too.,64,
46,you guys just killed a bystander,64,
47,i am a bystander. dont kill me,64,
48,bystander here also,64,
65,you guys are going to kill another bystander,64,
405,you're a bystander!,64,
719,it said he was bystander,64,
899,i'm a bystander,64,
916,"just so you know, i am a bystander.",64,
1412,i am also a bystander,64,
1419,im a bystander,64,
1428,"i'm a bystander...and a girl, i guess.",64,
1588,bystander cm,64,
1597,lol are we all bystanders?,64,
1607,hey! i'm  bystander like y'all.,64,
1732,so who's a bystander?,64,
1816,"this is such a stupid game. i'm a bystander, but kill me anyways, want to get on with my day",64,
1928,i am a bystander,64,
1941,"i'm a bystander, duh ",64,
1959,im a bystander but i gotcha,64,
2050,first to act against what was a bystander,64,
2092,lol or im a bystander with a gun,64,
33,somebody must have dropped or something,65,
207,'day fell off a truck.,65,
718,he was just a kid,65,
838,who was dropped during the night?,65,
1188,he must be. ,65,
1714,i assumed it was a male,65,
2134,johhny boy did it with a ax ,65,
2170,maybe it was a heart attack :p,65,
174,peace out,66,
428,bye yall,66,
580,that went well,66,
1289,so we can say bye to her?,66,
1348,ok bye,66,
1385,do you have anyone specific you wanted to off?,66,
1638,"maybe ""don't stop believin'"" will just kick in as you leave.",66,
1695,exit,66,
1777,glad he's gone. he gave me crabs,66,
2005,bye bye,66,
2006,bye,66,
2007,bye,66,
2043,bye,66,
2186,"too late now, i never got to say goodbye.",66,
32,rip,67,
45,rip me,67,
58,holy crap they killed our only lead,67,
190,rip me,67,
194,ok greg you;'re dead to me,67,
219,terry has died :(,67,
331,did the game break,67,
407,excuse me,67,
427,i be dead,67,
457,what did i do?,67,
558,sick,67,
688,poor guy,67,
805,no response,67,
884,rip matt ,67,
912,you broke the seal,67,
950,"hey, wtf... i didn't do nuttin.",67,
982,there i broke a tie,67,
1141,i can't read,67,
1233,sad,67,
1314,did anyone die?,67,
1451,oh my god i'm alive.,67,
1716,trying too hard,67,
1776,poor guy,67,
1902,impossible like this,67,
1971,press f to pay respects,67,
2024,ouch,67,
158,who do you all want eliminate?,68,
161,going to eliminate you..ah aha,68,
282,who do we eliminate ?,68,
340,why yall want to eliminate me?,68,
394,i don't know lol...we are supposed to eliminate somebody,68,
461,o well...eliminate me lol,68,
1020,who to eliminate?,68,
1482,yes eliminate me so i can get paid and get away from you losers,68,
1662,no idea who to eliminate.,68,
1708,it seems really weird that they'd eliminate the only other person with accusations,68,
2137,who do we eliminate,68,
195,who got voted off the island?,69,
973,lol you voted against me before ;],69,
1009,whoops forgot to vote last time,69,
1028,wow they didn't vote me out i'm shocked haha,69,
1324,i made my vote,69,
1357,yeah but you had voted,69,
1408,voted,69,
1438,"ok, now i'm glad you're voted out ",69,
1570,i'd almost say vote me out so i can complete this hit faster lol,69,
1571,my vote didn't go through last time.  ,69,
1986,this is going well on votes,69,
34,hard to tell. i have to keep scanning,70,
305,we all could see it,70,
382,i can't tell,70,
476,how do you know that,70,
689,no way to tell,70,
713,whoa this is 2019 you cant say that,70,
732,can we tell?,70,
761,slowly but surely . . .,70,
1111,only one way to find out!,70,
1319,i don't know how anyone's sure of anything,70,
1323,i am now sure on this onw,70,
1360,so....i'm not sure what's going on,70,
1897,not sure how to tell,70,
2124,i can't say no,70,
86,firstname lastname as in the failed politician? lol,71,
115,firstname was the first voter last time...,71,
187,"firstname lastname was pretty quick to cast her vote, seems suspicious to me",71,
293,idk firstname voted for firstname that's the only lead,71,
295,he could have voted for firstname to try to provide her cover,71,
316,firstname was also the last to vote firstname.,71,
413,"well, no it looks like firstname voted firstname",71,
593,what i realized now is that the people voting during the day are most likely bystanders meaning lastname ... and she voted a mafia out >_<,71,
623,"i see why firstname voted you, because you voted her first, lol",71,
753,he voted for firstname with no justification though,71,
782,firstname hasn't spoken and she hasn't been voting in the most recent rounds,71,
820,"since firstname voted me on first round, i will vote her now.",71,
822,i just noticed (looking back at round 1) that firstname lastname did end up voting.,71,
888,"so, does that mean vote firstname?",71,
959,firstname was trying to vote you out firstname,71,
1012,maybe firstname bc she didn't vote for firstname?,71,
1041,"well you didn't vote for firstname, i think that makes sense",71,
1115,has firstname lastname voted at all??,71,
1154,notice that firstname was eliminated last night?,71,
1240,"was firstname not here the whole chat of ""day 1""?  if so... maybe vote firstname?",71,
1383,"firstname seems vaguely leader like, so i voted for her",71,
1765,she voted you out with firstname,71,
1767,firstname makes me nervous she voted me ,71,
1771,firstname - did you not vote last round? any suspicions?,71,
2202,if you look up i never voted for firstname.,71,
8,you couldn't have chosen firstname in the last phase as a bystander,72,
60,"you guys are making a mistake killing me, i'm firstname lastname, the best bystander in the world",72,
315,i am a bystander though since i lead the firstname lastname.,72,
451,i'm not sure. i think firstname is a bystander,72,
569,"that's fine. seriously, gotta lastname. can kick me out but i am a bystander as you'll soon see :)",72,
900,firstname was a bystander,72,
1411,i'm a bystander too.  girl named firstname  lol,72,
1548,firstname playing dumb to stay alive?,72,
1579,i wonder how many of the voters for firstname knew he was a bystander,72,
1587,i'm not sure i'm a bystander named firstname lastname,72,
1589,bystander here too firstname lastname. it is very nice to meet you all,72,
1938,firstname are you a bystander?,72,
2188,"she threw him under the bus about firstname, who was also a bystander",72,
13,hey,73,
146,hey,73,
164,hey,73,
216,hey,73,
228,hey!,73,
365,hey,73,
487,hey,73,
500,hey,73,
505,hey,73,
520,hey,73,
545,hey,73,
594,hey,73,
794,hey,73,
984,hey group ,73,
1073,hey,73,
1092,hey,73,
1126,hey,73,
1135,hey,73,
1160,hey,73,
1325,hey now,73,
1382,hey!,73,
1566,hey!,73,
1611,hey,73,
1619,hey ,73,
1722,hey!,73,
1740,hey,73,
1742,hey how r u,73,
1745,hey,73,
1794,heys,73,
1870,hey,73,
1919,hey!,73,
1951,hey,73,
1956,hey,73,
2135,hey,73,
94,good for me,74,
98,i barra going to beat you up,74,
108,yeah that was bad,74,
120,well now i feel bad,74,
134,good for me,74,
258,depends on who you are,74,
446,real enough for you?,74,
512,he sounds like bad news,74,
556,okay tim is cool.,74,
624,i feel bad.,74,
676,lmao it's good,74,
750,well i think sam is alright,74,
826,i feel endangered,74,
1090,seem ok,74,
1107,"no, i'm a good guy.",74,
1161,how about you?,74,
1205,feels good.,74,
1306,only in our dreams,74,
1307,no silly you dream of me,74,
1518,sadness.  i have kids,74,
1555,you tell me. i've got your back. ,74,
1738,i'm down with that.,74,
1800,feels bad,74,
1842,i'm scared.,74,
1848,this does not look good for me.,74,
1980,"i'm a doctor, you're not looking good regardless",74,
2150,i hate him,74,
2189,i forgive him.,74,
5,i'm legitimately ignorant but ok,75,
14,"nice, the feigning ignorance angle",75,
42,right.,75,
49,"well, then... ",75,
375,right.,75,
425,well,75,
426,not majority,75,
603,idiots,75,
653,"oh, that's true",75,
654,TRUE,75,
715,oooo good point,75,
725,be honest,75,
785,TRUE,75,
874,exactly,75,
1215,boo,75,
1226,majority,75,
1477,no hard feelings,75,
1569,some are more dumb than others,75,
1614,lol exactly!,75,
1637,outlier,75,
1719,really,75,
1746,really,75,
1812,bahahahaha,75,
1833,"also,",75,
1851,sooooo,75,
1860,"of course i'm right,.",75,
1875,"no really, not",75,
1886,i have no rationale just speeding things up ,75,
1966,i know,75,
1991,obviously,75,
2113,or you are and trying to throw them off track,75,
7,"right, and he said he chose byrce",76,
80,you pick please,76,
84,why are you guys picking before we talk about it?,76,
89,who do you want to select?,76,
109,you pick this time,76,
301,well we have to make a decision.,76,
467,sorry abotu last turn i was trying to decide who to pick and rna out of time,76,
544,"ok, that's also a fair way to pick",76,
641,who do you want to get?,76,
685,i don't think it matters who we pick for the first night really since we don't know anything,76,
823,vengeance pick...nice! lol,76,
844,"but if it a tie, the machine picks!",76,
925,well it looks like the majority picked poor k. lo,76,
972,"pick what you guts says, or follow majority its upto you man",76,
987,how to chose??,76,
988,haha that's how we're choosing,76,
992,how else could you know who to pick,76,
1078,any ideas on who to elimate?,76,
1258,"yup, have to pick someone, lol",76,
1300,i asked if we got him cause i thought we won,76,
1337,right?! how can we pick?,76,
1359,i don't remember even selecting anybody,76,
1424,ah shoot i already choose,76,
1431,"okay, let's go with him.",76,
1754,im gonna make you an offer you cant refuse,76,
1878,not sure who to choose,76,
1960,wrong choice guys lol but good luck,76,
2011,all right you pick,76,
2077,you pick,76,
15,:),77,
208,:d,77,
267,<3,77,
302,^,77,
616,1,77,
779,aw,77,
883,<3,77,
1195,;),77,
1381,d:,77,
1627,/,77,
1656,ðŸ¤”,77,
1785,;),77,
1827,!,77,
1843,!,77,
2004,:),77,
2192,x),77,
2195,xd,77,
528,morning!,78,
846,morning,78,
1106,day time,78,
1138,morning,78,
1176,morning,78,
1366,morning at last.,78,
1559,"morning guys, lol",78,
1629,next day,78,
263,i can second that,79,
345,i agree i will so luis,79,
529,lets just take it from the top,79,
620,good think,79,
675,"yeah, that would be nice",79,
786,would be easier if we could see hats,79,
828,you don't,79,
878,any ideas this round?,79,
1061,good luck,79,
1072,well nice idea,79,
1297,"haha yeah i was thinking that, but they might not notice",79,
1455,you should,79,
1661,anyone have suggestions?,79,
1946,yeah i think that is a good plan,79,
1999,good idea,79,
2057,lol everyone had the same idea ,79,
296,if shes the other maf,80,
404,maf majority,80,
434,enjoy maf,80,
978,imma psychic,80,
1290,what makes you think she knew that?,80,
1309,take it as you will but i'm quite certain about her now,80,
1763,how many women mafioso do you know?,80,
1907,she'd be invested if she was,80,
148,"so, how's all you'se doin'.",81,
221,going very well,81,
229,how is everyone?,81,
378,doing good so far.,81,
548,what's up everyone,81,
549,how is everyone?,81,
552,nothing much here.. got a good nights rest,81,
562,did everyone have a good monday?,81,
563,so far so good,81,
567,been a good monday here surprisingly.,81,
585,forgot my coffee and it's been downhill since,81,
588,it's been a long monday here lol,81,
595,its been a slow monday,81,
770,we're doing good,81,
809,did everybody sleep well last night?,81,
936,"doing great, how is everyone?",81,
956,how are you?,81,
1000,how is everyone today?,81,
1210,are we all here?,81,
1404,how's it going,81,
1462,where is everyone else?,81,
1541,what's up?,81,
24,firstname is too wise,82,
53,"okay, so we're going to go with firstname?",82,
91,let's do firstname or firstname ,82,
93,firstname then,82,
141,i'm going with firstname on this one,82,
181,go for firstname,82,
182,or firstname,82,
192,i say firstname is next,82,
255,"yeah, i think firstname seems to be the popular choice.",82,
356,ok how about firstname ,82,
555,what about firstname?,82,
601,i'll go with firstname lastname,82,
607,firstname was the last to come around on firstname lets go with him,82,
644,go after firstname or firstname,82,
667,i'm thinking firstname,82,
681,hmmm what about firstname,82,
756,how about firstname?,82,
802,firstname then,82,
821,i agree with firstname,82,
835,still going with firstname....nothing but crickets from him/her,82,
836,i'm leaning toward firstname as well,82,
849,"maybe firstname then, idk",82,
894,firstname talked second so has to be him,82,
1031,"i'd go with firstname lastname, he has too many names.",82,
1035,"i'll say firstname lastname jr., or me.",82,
1112,still leaning towards firstname,82,
1207,"so, firstname is the other, right?",82,
1229,i'm going with firstname sorry :-[,82,
1239,so firstname for sure?,82,
1257,go with firstname then,82,
1317,firstname could you restate your question.,82,
1351,"okay, i'll go with firstname",82,
1352,anyone have any other suggestions it's currently between firstname and firstname,82,
1430,i think firstname is sketchy,82,
1440,"let's go with firstname, then during the day let's go with firstname",82,
1499,or firstname for that matter,82,
1516,probably firstname then.,82,
1532,firstname then firstname,82,
1537,firstname lastname sounds like a good choice,82,
1564,think what firstname?,82,
1685,i say firstname,82,
1689,firstname vs firstname,82,
1717,i agree. firstname is,82,
1888,then who besides firstname?,82,
1940,what about firstname?,82,
1993,yes i say firstname lastname,82,
2015,i say firstname,82,
2017,i say firstname,82,
2020,firstname are you sure about firstname or firstname?,82,
2025,ok i think firstname lastname,82,
2034,then firstname.,82,
2073,"lastname or firstname, maybe?",82,
2122,going with firstname again,82,
87,she isn't talking sounds like a mob goon to me,83,
101,why'd the mob whack the person everyone was voting for they should've left him alive to distract from them,83,
112,hmmm again the mob did a no kill,83,
138,so far we haven't found any mob goons,83,
764,the instructions made it sound pretty equal,83,
998,sounds like a mobish name,83,
1034,sounds mobbed up,83,
1132,i'll make my own mob out of these bystanders,83,
1158,sounds like something a mob boss would say. ,83,
1214,too quiet.,83,
1511,mobster for sure,83,
1547,reminds me of it.  we all float down here,83,
1585,who is the mob person ?,83,
1601,i'm not sure what to do now i have no idea who is left in the mob and i don't want to eliminate a bystander by mistake lol,83,
1818,a hoarse horse,83,
1839,pitch forks! get that silent but deadly outta here!,83,
1856,pitch forks a ready!,83,
2183,the neighborhoods thinning out too quickly.,83,
172,damn those instant votes,84,
397,how do we vote?,84,
575,why we voting so fast?,84,
584,who hasn't been voting during the day then?,84,
587,but they can vote twice so ignore me,84,
694,because you tried to get people to vote right away,84,
816,i think that the best approach is to wait until the very end to vote,84,
873,"so, are we all voting randomly?",84,
927,i mean probably vote with 30 seconds left at least.,84,
1069,"most votes, if tie then its random between the two",84,
1087,do the votes have to be unanimous or just 'most votes wins',84,
1212,your votes keep winning.,84,
1245,or the person didn't know how to vote,84,
1279,4 votes? people afk?,84,
1361,i just loaded in and had a vote already somehow?,84,
1660,it shows what people are voting for.,84,
1967,"i mean, obviously don't vote for each other, lol",84,
1976,how we voting?,84,
2039,vote in the dropdown menu,84,
733,sigh,85,
747,sigh,85,
781,sigh,85,
1049,*sigh*,85,
1051,dammit,85,
1312,ya this is the worst,85,
2179,so be it . . .,85,
2180,sucks to your asmar,85,
420,i do not fear death only life,86,
486,see the list below for living ,86,
541,this experiment is ridiculous,86,
572,its a hard life being the only man,86,
602,like the movie get it?,86,
724,if nothing else it's amusing,86,
1015,reverse psychology?,86,
1238,this is like survivor,86,
1544,kind of natural at this point,86,
1634,maybe it will be an open-ending like the sopranos?,86,
1806,like death,86,
1823,pays the bills,86,
1831,like a fart?,86,
1909,or reverse psychology,86,
2127,interesting turn of events,86,
2178,unless they killed him to make us confused,86,
778,totally guilty,87,
891,not different at all by the looks of things,87,
908,totally different,87,
2156,odd,87,
54,do we start with donna tomorrow? and try to get a trend going?,88,
542,im going to tell the daytime people the first person on my list,88,
551,nope not me,88,
628,"not me, how about lastname",88,
864,could be you alexandra ,88,
1047,no but i argued a lot against firstname figured theyd off me in the night tbh,88,
1187,"firstname was rotten all along. what about you, firstname? have you been active at night lately?",88,
1200,its not me,88,
1338,"not me, how about firstname",88,
1380,sad days for miss firstname,88,
1452,nope nope nope..it isn't me.. i promise.,88,
1474,not me!!,88,
1562,i got interupted before i got to answer the ballons questions.  99 of them firstname. 99 red balloons.,88,
1576,"firstname, have you seen any red balloons? :)",88,
1862,"with a name like this, i'm probably a coffee/cocaine tycoon. ",88,
1863,"jesus firstname, what is wrong with you. did they not pay you enough?",88,
176,i hate the scrolling,89,
193,"pick one,  i can barely read the text",89,
626,that's cuz you're comfortable with the user interface already.,89,
968,keep scrolling ;],89,
981,"nice, the page gets longer as more people type",89,
1032,i don't even want to type them all.,89,
1208,too much scrolling in this =/,89,
1242,"hey, i still have all these nooses. gotta use them up.",89,
521,eliminate the first in list?,90,
525,eliminate the first in list?,90,
532,i believe we all have differently ordered lists,90,
1704,"he was the first one to make a suggestion, and he's at the top of the list",90,
2013,he was first on the list,90,
677,hope there's bonuses all around,91,
1304,39 minutes and no bonus...might be underpaid? lol,91,
1311,this game obviously needs a bonus that's what i think,91,
1881,whats the prize if we win?,91,
1882,don't think there is a prize,91,
1916,there's a bonus prize guys come on now,91,
43,noooooo,92,
303,no,92,
307,no,92,
327,no,92,
471,not yet.,92,
492,no,92,
617,12,92,
618,12,92,
743,16,92,
811,barely ,92,
1353,no,92,
1652,no,92,
1667,no,92,
1896,well no.,92,
1974,o no dr,92,
2008,no prop,92,
2107,i mean no,92,
242,firstname is a sweetheart,93,
244,oh no firstname lol,93,
265,i see you firstname,93,
279,good night firstname,93,
350,gonna miss u firstname ,93,
386,firstname sounds good since shes mia lol,93,
485,firstname i am on your side.,93,
497,ok firstname it is,93,
503,ok firstname it is,93,
513,yo peace firstname,93,
539,ok i have firstname lastname first on my list,93,
550,ditto firstname. feels good!,93,
586,we'll see if i can keep firstname on my side,93,
604,firstname ya done,93,
647,i like firstname,93,
650,i sa firstname,93,
669,i am also firstname,93,
692,firstname is a nice name!,93,
716,do you have anything to say for yourself firstname,93,
777,anything to say for yourself firstname,93,
880,i might go firstname lopex,93,
882,oh-ok - i can go firstname,93,
946,firstname is my best friend,93,
964,i second firstname,93,
986,firstname works for me,93,
994,of course you do firstname hahah,93,
996,whoa! i can't help what my name is,93,
1016,uhh firstname are you okay haha,93,
1017,im going firstname,93,
1018,do you want to harm yourself firstname?,93,
1052,i'm voitng firstname bc idk what to do,93,
1105,ok firstname it is,93,
1255,"firstname, you should be able to",93,
1260,"okay firstname, after you this time",93,
1262,"yes firstname, firstname",93,
1275,i dream of firstname?,93,
1318,firstname  is here,93,
1334,firstname you are bullying me,93,
1426,"ok, firstname next then",93,
1483,see you later firstname,93,
1484,im with you firstname is outta there,93,
1525,see you later firstname,93,
1549,firstname can i trust you?,93,
1573,"firstname works for me, lol",93,
1723,i have my eye on firstname lastname,93,
1786,me and firstname ,93,
1861,i'm firstname effing lastname.,93,
1990,ok obviously firstname lastname md,93,
1995,ok obviously firstname firstname md,93,
2045,firstname sounds good,93,
2082,firstname is sketchy as the day is long,93,
2164,i've loved firstname since highschool.,93,
2171,wanna do firstname?,93,
51,who should we eliminate tonight? ,94,
231,who should we eliminate,94,
235,"hello, who should we eliminate?",94,
254,fine thanks. who should we eliminate?,94,
271,morning! who do you think we should eliminate today?,94,
360,who are we going to eliminate next round? not this one. let's think in advance,94,
660,who should we get?,94,
797,who should we eliminate?,94,
831,"ok, who do we have left?",94,
921,who should we get rid of?,94,
1005,who should we get rid of?,94,
1263,"hi, who do we want to take out?",94,
1339,who should we get rid of?,94,
1405,"good, who should we eliminate?",94,
1420,who do we pick now?,94,
1439,who do we choose now>,94,
475,firstname firstname is a snitch.,95,
477,firstname firstname is a snitch.,95,
937,snitches get stitches.,95,
1448,just don't captcha me dude.,95,
1834,"evil, saucy minx, you.",95,
2157,firstname was a bystander who probably snitched. snitches get stitches. :`(,95,
128,1 or more,96,
133,there's at least 1,96,
183,"any of you'se want a big screen tv, i got a bunch of 'em, 80% off!",96,
684,how many of us are there?,96,
686,just 2 i think,96,
701,i can't believe how many of them there are!,96,
763,do we know how many total there are?,96,
765,there are as many as there ever were,96,
774,it said at least one i think,96,
90,who was deleted in the day part?,97,
129,that would be a lonely night if there was only 1,97,
150,whodunnit,97,
304,he misttyped in the box at the start of day ,97,
381,who got 3eliminated?,97,
396,where is everybody getting this info?,97,
473,everyone's real. hard to tell who is together. hmmm,97,
1199,who is it,97,
1241,i'm not sure who else lastname be involved since nothing happened at night,97,
1243,there wasn't a majority at night,97,
1510,yesterday firstname wanted her gone and then she disappeared at night,97,
1599, well we made it threw the night lol,97,
1900,i wish there was more back story lol,97,
1977,whodunit,97,
1983,"so, who did it, fess up",97,
2128,who did it,97,
2181,apparently ditches in patricks lastname...,97,
2206,shand piled on with deb.  guilt by association!!!,97,
30,and firstname i think,98,
97,firstname are you related to jet,98,
102,i wonder if firstname lastname is related to firstname lastname the astronaut? ,98,
177,firstname is history,98,
205,firstname was suicidial,98,
294,"firstname did ""yesterday""",98,
369,it's a lastname early to tell.,98,
423,"mr. firstname lastname what does it say to the left of ""your player's name is:""?",98,
430,so let's see...looking at the previous conversation it looks like firstname and firstname might be allies but i'm not sure,98,
501,firstname seems to know who is who,98,
510,aye my dawgs it's definitely firstname,98,
565,i believe firstname,98,
666,i believe firstname lastname,98,
668,i think firstname,98,
726,i wonder if there is a trick to this.  like if the names mean anything,98,
744,whoever firstname was he is gone. lol,98,
801,looks like firstname is it then,98,
813,hmm anyone heard from firstname?,98,
856,were is firstname?,98,
914,i think its firstname,98,
915,thats who firstname though it was?,98,
1116,"it might be firstname lastname... killing off firstname who accused him ""yesterday""",98,
1201,i knew it firstname!,98,
1344,i am guessing firstname.,98,
1487,firstname is history,98,
1554,firstname maybe?,98,
1556,firstname it is,98,
1557,i think so firstname.,98,
1593,i'm thinking firstname is and is just trying to get me out to save themselves,98,
1602,whats up firstname,98,
1664,i guess firstname was right ðŸ˜‚ ,98,
1753,whos firstname?,98,
1757,firstname lastname is gonan sleep with the fishes,98,
1840,"is it, firstname?",98,
1858,is there a firstname in the house?!,98,
2087,firstname it is,98,
2148,firstname is a russian spy,98,
2154,not sure what firstname did,98,
2162,what did firstname do?,98,
143,for having an opinion?  sure,99,
151,is that english?,99,
431,i'm just trying to think strategically. they seemed like they agreed on things,99,
581,hello any researching reading my thoughts,99,
621,exactly what i was thinking,99,
661,yes i was thinking the same,99,
812,how so?,99,
870,that would be a mistake...,99,
1010,so what are we thinking,99,
1040,i think so.,99,
1128,are you sure?,99,
1171,you got any inclination?,99,
1310,this is mturk so yes,99,
1330,it seems like the current consensus. ,99,
1580,makes you think,99,
1672,trying to think what we can go off,99,
1724,how is that funny?,99,
1805,is it?,99,
1927,that is you right?,99,
1945,what you think?,99,
