time,name,type,message
07:20:16,P 8,text,this is a try
07:24:95,P 8,text,very much
07:29:50,P 8,text,df
07:37:79,P 8,text,dfd
07:43:70,P 8,text,dfd
07:44:21,P 8,text,dfd
18:18:28,L l,text,hello
18:19:67,L l,text,tisfds
18:20:46,L l,text,gfdg
18:21:60,L l,text,sfwe
18:22:45,L l,text,hyt
18:23:51,L l,text,eert
18:24:51,L l,text,ret
18:25:34,L l,text,zdfs
18:26:35,L l,text,hrth
18:32:40,L l,text,ju
18:33:51,L l,text,juf
19:00:65,L l,text,retwar
19:01:92,L l,text,thrs
19:03:15,L l,text,vcbgt
19:04:90,L l,text,ydhzsd
19:05:97,L l,text,nytjd
19:06:93,L l,text,sedfse
19:12:81,L l,text,yhtht
19:15:11,L l,text,yhthtsdfrgh
19:42:48,L l,text,sedgsdfg
19:43:41,L l,text,rhsrt
19:44:36,L l,text,tyey
19:45:26,L l,text,dsfzdf
19:46:32,L l,text,kjuyery
19:53:01,L l,text,ewtdfhrter
